Island,Site,Habitat,Density,Date,Sex,Mass,SVL,HeadWidth,HeadDepth,HeadLength,FemurLength,TibiaLength,BicepLength,ForearmLength,CEWLbt,CEWL,msmt_temp_C,msmt_RH_percent,msmt_e_a_kPa,msmt_VPD_kPa,ambient_percent_rh,ambient_temp,percent_veg_cover
Naxos,Alyko,nonwall,2,2023.06.04,F,4.1,56.38,6.3,3.55,11.59,11.16,7.49,5.14,6.26,28.8,18.078,29.32,44.38,1.810329342,2.268826454,39.2,27.1,45
Naxos,Alyko,nonwall,2,2023.06.08,F,4,59.29,6.32,5.59,12.84,9.16,7.62,4.7,5.25,28.8,17.27166667,29.73333333,38.48333333,1.607644106,2.569863315,38.7,26.8,54
Naxos,Alyko,nonwall,2,2023.06.08,F,3.8,54,5.47,4.06,11.41,9.27,7.78,5.36,5.77,28.2,18.126,28.58,44.72,1.747706378,2.160402697,44.8,25.9,35
Naxos,Alyko,nonwall,2,2023.06.08,F,3.3,55.56,6.04,4.84,11.94,9.8,7.77,4.6,7.23,29.9,18.5675,28.45,46.05,1.786148464,2.092566985,45.1,26.1,59
Naxos,Alyko,nonwall,2,2023.06.08,F,4,57.64,7.4,5.12,12.1,11.07,7.75,5.3,6.82,29.5,15.835,28.775,45.025,1.779641837,2.172921932,42.7,26.4,43
Naxos,Alyko,nonwall,2,2023.06.08,F,3.7,56.97,6.9,4.95,12.1,9.58,7.98,5.08,7.09,30.5,21.036,29.1,46.38,1.868017245,2.15961804,40.8,27,36
Naxos,Alyko,nonwall,2,2023.06.08,F,3.4,55.27,5.78,4.4,10.96,11.51,7.65,5.34,6.42,28.5,17.05,28.825,44.125,1.749129646,2.214903547,46.4,27,39
Naxos,Alyko,nonwall,2,2023.06.08,F,3.4,51.02,5.94,5.09,11.47,11.75,7.88,4.57,6.81,29.9,20.33,28.58,43.84,1.713315019,2.194794057,46,26.8,52
Naxos,Alyko,nonwall,2,2023.06.08,F,4.2,60.68,6.67,4.28,12.09,12.38,8.16,5.11,6.65,30,21.6875,28.65,47.1,1.848211883,2.075804853,44.5,26.3,37
Naxos,Alyko,nonwall,2,2023.06.04,M,3.9,53.62,6.51,4.43,13.32,12.67,8.14,4.88,5.73,29.7,19.6,29.425,43.125,1.769827153,2.334119869,38.3,25.9,33
Naxos,Alyko,nonwall,2,2023.06.04,M,5,56.28,7.26,6.49,14.02,11.71,8.93,6.01,6.73,,,,,,,39.7,26.2,58
Naxos,Alyko,nonwall,2,2023.06.04,M,3.1,50.39,6.27,5.05,11.99,9.57,7.65,5.93,5.66,30.3,17.97,28.75,48.125,1.899416711,2.047423207,42.8,27,41
Naxos,Alyko,nonwall,2,2023.06.08,M,4.1,54.03,6.64,4.82,13.66,10.2,8.05,5.34,5.97,29.2,17.73,29.7,39.56,1.649454173,2.520045759,38.2,26.7,38
Naxos,Alyko,nonwall,2,2023.06.08,M,5.1,56.87,6.88,5.84,13.46,11.97,8,4.89,6.2,29.6,18.852,28.76,44.96,1.775528214,2.173600376,39.1,27.1,59
Naxos,Alyko,nonwall,2,2023.06.08,M,4.2,53.23,5.93,5.51,13.21,12.11,8.12,5.32,6.12,29.2,18.004,29.54,41.02,1.694638721,2.436611209,43.2,26.5,45
Naxos,Alyko,nonwall,2,2023.06.08,M,6.4,62.2,8.49,6.49,15.6,13.89,9.85,5.83,6.8,28.2,21.312,28.77,46.95,1.855190948,2.096227472,44.1,28.2,92
Naxos,Alyko,nonwall,2,2023.06.08,M,4.1,55.75,6.89,5.62,13.61,12.11,8.76,5.41,6.73,28.5,16.924,28.78,43.6,1.723817302,2.229892106,43.8,27.5,54
Naxos,Alyko,nonwall,2,2023.06.08,M,4.4,55.23,6.67,4.78,14.05,13.23,9.08,5.72,6.76,29.3,16.746,28.74,45.84,1.808182821,2.136369581,45.1,27,62
Naxos,Alyko,nonwall,2,2023.06.08,M,4.2,54.47,6.56,5.77,13.45,11.5,8.94,5.45,7.23,28.8,17.14,28.68,47.6,1.871085349,2.059766224,39.9,26.8,50
Naxos,Alyko,nonwall,2,2023.06.08,M,4.2,55.1,6.89,5.06,13.25,11.23,8.32,5.94,7.14,28.4,18.465,28.625,44.225,1.732880982,2.185447976,42.9,27.7,32
Naxos,Alyko,nonwall,2,2023.06.08,M,4.7,58.56,7.68,6.25,13.98,10.28,9.13,5.39,6.87,,,,,,,45.3,26.5,63
Naxos,Alyko,nonwall,2,2023.06.08,M,4.4,56.58,9.59,5.97,13.81,13.3,9.34,6.58,6.98,29.1,18.734,29.18,41.62,1.68407172,2.36223227,40.9,27.4,95
Naxos,Alyko,nonwall,2,2023.06.08,M,3.7,52.25,6.92,4.48,12.71,10.56,7.66,5.3,6.36,28,18.9575,28.925,46.225,1.843018088,2.144041053,45.3,26.4,68
Naxos,Alyko,nonwall,2,2023.06.08,M,4.1,54.14,7.26,5.22,13.58,12.09,8.61,5.5,6.45,30.1,18.61666667,28.7,47.6,1.873257015,2.062156882,43.2,26.2,62
Naxos,Alyko,nonwall,2,2023.06.08,M,4.8,55.49,7.97,5.29,13.49,12.87,9.36,6.32,6.79,,,,,,,43.8,25.9,80
Naxos,Alyko,nonwall,2,2023.06.08,M,7.5,64.47,8.07,6.6,14.99,12.88,10.55,7.12,7.57,28.8,18.389,28.7,46.03,1.811471017,2.123942881,40.4,28.4,21
Naxos,Alyko,nonwall,2,2023.06.08,M,4.5,53.95,6.93,6.16,13.49,11.7,8.63,5.89,6.64,28.8,17.38,28.7,43.76666667,1.722399483,2.213014415,46.8,25.1,75
Naxos,Alyko,nonwall,2,2023.06.08,M,3.5,49.77,6.38,4.61,12.43,10.59,8.19,5,5.1,29.3,22.196,28.5,45.26,1.760612999,2.12938479,45.3,24.7,63
Naxos,Alyko,nonwall,2,2023.06.08,M,5.4,60.64,7.38,5.68,15.09,12.56,9.48,6.18,7.6,29.1,18.911,28.94,44.46,1.774186558,2.216336514,40.6,28.3,91
Naxos,Damarionas,wall,11,2023.05.27,F,4.6,56.96,6.7,5.43,12.82,9.67,8.02,6.72,6.79,27.2,NA,NA,NA,NA,NA,55.6,24.4,14
Naxos,Damarionas,wall,11,2023.05.27,F,6.9,66.18,8.1,6.31,14.1,11.99,9.33,6.24,7.13,26.8,NA,NA,NA,NA,NA,54.8,26.1,20
Naxos,Damarionas,wall,11,2023.05.27,F,3.9,55.88,6.48,4.3,12.68,10.01,8.22,6.44,5.59,28.8,17.87333333,28.13333333,45.56666667,1.735142746,2.072778423,56.1,26.4,24
Naxos,Damarionas,wall,11,2023.05.27,F,3.7,56.11,7.38,5.86,12.54,10.67,8.09,6.21,6.65,,,,,,,57.1,26,19
Naxos,Damarionas,wall,11,2023.05.27,F,3.2,55.7,7.03,4.41,12.72,10.64,7.77,5.35,6.66,28.5,18.71,28.44,45.36,1.758363349,2.11809906,58.3,24.9,12
Naxos,Damarionas,wall,11,2023.05.27,F,5.4,60,7.07,6.14,12.86,11.15,8.39,6.58,6.43,27.4,21.938,27.9,44.92,1.687411183,2.069069634,60.4,25.1,31
Naxos,Damarionas,wall,11,2023.05.27,M,6.2,62.9,9.23,5.25,15.38,13.77,10.23,7.29,6.39,,,,,,,65.5,25.2,36
Naxos,Damarionas,wall,11,2023.05.27,M,7,63.7,8.65,6.63,15.8,14.01,9.84,7.04,8.15,,,,,,,62.8,25.1,0
Naxos,Damarionas,wall,11,2023.05.27,M,6.8,66.04,8.74,7.31,16.89,14.67,10.44,8.15,7.44,,,,,,,60.1,25.1,58
Naxos,Damarionas,wall,11,2023.05.27,M,4.4,54.51,7.33,6.09,13.28,11.02,8.93,6.07,6.63,,,,,,,63.6,24.7,23
Naxos,Damarionas,wall,11,2023.05.27,M,6.4,64.7,8.74,6.81,15.74,12.81,10.46,7.74,6.9,,,,,,,64.9,25,40
Naxos,Damarionas,wall,11,2023.05.27,M,7.3,67.03,8.49,7.73,16.32,13.37,10.9,7.49,8.03,,,,,,,69.6,25.8,35
Naxos,Damarionas,wall,11,2023.05.27,M,3.4,53.99,7.04,5.33,13.63,12.65,8.88,5.45,6.73,,,,,,,62.8,26.4,26
Naxos,Damarionas,wall,11,2023.05.27,M,6,64.48,9.95,7.2,15.67,14.38,10.39,6.17,6.78,,,,,,,64.7,26.2,29
Naxos,Damarionas,wall,11,2023.05.27,M,6,65.58,8.71,5.77,15.31,12.54,10.3,7.41,7.07,,,,,,,69,24.9,64
Naxos,Damarionas,wall,11,2023.05.27,M,5.5,63.82,7.85,6.2,15.4,13.68,9.3,6.6,8.35,,,,,,,65.6,25.4,19
Naxos,Damarionas,wall,11,2023.05.27,M,6.3,63.67,9.08,5.62,15.42,11.4,9.8,8.29,8.08,,,,,,,59.7,25.7,27
Naxos,Damarionas,wall,11,2023.05.27,M,6.2,67.89,8.58,5.98,16.15,13.37,10.81,7,7.14,,,,,,,67.6,26.2,13
Naxos,Damarionas,wall,11,2023.05.27,M,6.9,67.22,9,9.87,16.22,11.31,10.53,6.52,8.09,28.7,19.258,28.8,41.62,1.64744232,2.310852538,66.5,26.3,40
Naxos,Damarionas,wall,11,2023.05.27,M,6.1,63.23,7.96,8.19,15.78,14.7,10.41,7.33,7.13,27.8,21.464,28.54,45.06,1.756909344,2.142134917,59.8,24.9,21
Naxos,Damarionas,wall,11,2023.05.27,M,7.4,66.99,8.58,7.23,16.5,11.55,10.9,6.35,8.43,27.5,20.0866667,28.5,42.9333333,1.67010572,2.21989207,70.5,25.2,25
Naxos,Damarionas,wall,11,2023.05.27,M,6.4,63.24,7.38,7.29,15.31,12.72,10.68,6.81,8.15,28.7,20.146,28.82,43.96,1.742084222,2.220800724,66.4,25.5,15
Naxos,Damarionas,wall,11,2023.05.27,M,7.3,64.58,8.82,7.62,16.04,15.08,10.26,6.67,6.99,29.1,24.532,28.7,43.54,1.713479211,2.221934687,58.2,25,10
Naxos,Filoti Valley,nonwall,6,2023.06.12,F,6.8,64.25,6.24,6.45,14,11.1,9.98,6.01,6.03,30,22.956,29.02,48.4,1.940376199,2.068665534,40.9,23.9,62
Naxos,Filoti Valley,nonwall,6,2023.06.12,F,5.6,60.98,7.53,6.54,13.56,12.05,10.1,6.15,6.22,27,17.988,28.9,45.42,1.80830271,2.17298904,43.6,22.2,20
Naxos,Filoti Valley,nonwall,6,2023.06.12,F,6.5,61.95,7.87,6.16,13.78,11.55,8.97,5.98,5.9,28.4,17.28,29.325,40.775,1.663755929,2.416577434,41.4,23.2,36
Naxos,Filoti Valley,nonwall,6,2023.06.12,F,6,61.09,7.18,6.11,13.46,10.76,9.38,6.53,6.5,,,,,,,40.2,23,10
Naxos,Filoti Valley,nonwall,6,2023.06.12,M,8.7,68.34,9.56,8.52,16.19,13.7,11.23,7.21,7.23,28.5,16.742,29.3,45.5,1.853874063,2.220574427,44.1,25.3,32
Naxos,Filoti Valley,nonwall,6,2023.06.12,M,6.7,59.11,8.84,7.25,14.92,13.74,10.51,6.36,6.38,28.9,19.096,29.6,43.86,1.818241599,2.327316082,42.6,24.9,58
Naxos,Filoti Valley,nonwall,6,2023.06.12,M,6,59.74,8.82,6.74,14.47,13.3,10.92,7.21,7.18,27.6,16.71,28.1,48.26666667,1.834391623,1.966143508,45.8,25.5,62
Naxos,Filoti Valley,nonwall,6,2023.06.12,M,7,62.79,8.92,7.87,16.01,14.02,10.77,7.02,6.93,,,,,,,44.1,26.2,34
Naxos,Filoti Valley,nonwall,6,2023.06.12,M,5.7,57.19,8.55,6.97,15,12.48,9.85,7.66,6.62,,,,,,,44,26.1,40
Naxos,Filoti Valley,nonwall,6,2023.06.12,M,7.4,60.06,8.94,8.03,16.06,14.95,11,7.34,7.31,,,,,,,46.2,27,61
Naxos,Filoti Valley,nonwall,6,2023.06.12,M,8.1,63.98,9.22,7.26,16.4,14.33,11.05,8.4,7.33,,,,,,,40.1,26.9,20
Naxos,Filoti Valley,nonwall,6,2023.06.12,M,7.9,65.4,9.61,8.21,16.54,14.25,10.13,7.42,6.9,,,,,,,40.7,25.8,48
Naxos,Filoti Valley,nonwall,6,2023.06.12,M,8.8,68.81,9.59,8.6,16.4,14.85,10.73,7.23,7.3,29.1,18.246,29.2,44.26,1.792965045,2.258017885,43.6,25.6,33
Naxos,Glynado,wall,9,2023.05.29,M,7.1,62.1,8.51,6.39,15.34,14.03,10.37,6.44,7.15,,,,,,,71.2,24.8,11
Naxos,Glynado,wall,9,2023.05.29,M,6.3,64.98,9.15,5.66,15.69,13.13,10.47,6.62,7.25,,,,,,,68.7,25,5
Naxos,Glynado,wall,9,2023.05.29,M,5.8,63.16,7.19,5.64,14.71,12.74,10.4,6.59,7.75,,,,,,,68.3,24.5,19
Naxos,Glynado,wall,9,2023.05.30,M,6.3,64.06,8.91,6.47,15.37,13.06,9.75,7.06,7.6,,,,,,,66.9,25.3,0
Naxos,Glynado,wall,9,2023.05.30,M,7.2,65.68,8.84,7.25,16.25,14.41,10.5,8.08,9.53,,,,,,,69.2,25.1,24
Naxos,Glynado,wall,9,2023.05.30,M,5.5,58.76,8.81,7.69,14.93,12.51,9.6,5.9,7.34,,,,,,,66.2,24.5,29
Naxos,Glynado,wall,9,2023.05.30,M,7.1,61.1,8.41,9.46,15.51,13.73,10.25,6.89,7.38,,,,,,,68.5,25.2,24
Naxos,Glynado,wall,9,2023.05.30,M,5.8,61.57,8.83,6.51,14.75,12.4,9.63,6.78,7.06,,,,,,,70.5,24.9,2
Naxos,Glynado,wall,9,2023.05.30,M,4.8,57.35,7.06,7.07,14.45,10.7,9.11,6.18,7.15,,,,,,,73.2,26.3,4
Naxos,Glynado,wall,9,2023.06.03,M,8.1,63.95,9.66,7.73,16.99,15.06,11.68,7.2,6.9,30.4,21.27666667,29.5,43.53333333,1.794328794,2.327406568,67,24.2,0
Naxos,Glynado,wall,9,2023.06.03,M,7.5,64.25,9.19,7.3,16.14,15.3,10.29,7.38,7.31,29.3,23.50666667,28.86666667,46.5,1.847730141,2.125883065,67.6,25.5,0
Naxos,Melanes,wall,16,2023.06.03,F,4.1,58.42,6.17,4.97,13.11,10.17,7.25,6.11,5.14,29,22.372,29.06,42.66,1.714219208,2.304109924,55.5,23.5,13
Naxos,Melanes,wall,16,2023.06.03,F,3.8,53.96,6.49,6.31,11.72,11.29,8.82,5.31,5.39,,,,,,,56.2,26.2,15
Naxos,Melanes,wall,16,2023.06.03,F,4.9,61.47,6.46,5.17,12.68,10.34,7.83,5.44,5.11,,,,,,,58.1,24.9,24
Naxos,Melanes,wall,16,2023.06.03,F,5.1,63.24,7.17,5.15,13.76,12.07,8.72,6.05,5.85,,,,,,,58,25.1,20
Naxos,Melanes,wall,16,2023.06.03,F,5.4,63.46,6.65,4.97,13.21,13.05,8.4,5.71,5.84,29.1,20.482,28.72,45.82,1.805299221,2.134681619,62.5,25.3,19
Naxos,Melanes,wall,16,2023.06.05,F,3.4,56.2,5.83,4.6,11.89,10.06,7.82,4.64,5.9,28.9,19.56,28.8,41.65,1.648629809,2.30966505,65.1,25.6,36
Naxos,Melanes,wall,16,2023.06.05,F,5.3,60.43,6.51,5.85,12.6,10.79,8.06,6.03,6.24,,,,,,,63.6,26.3,21
Naxos,Melanes,wall,16,2023.06.05,F,4.1,60.63,6.3,3.58,12.45,11.46,8.14,5.76,5.28,28.9,19.412,28.9,40.62,1.617200708,2.364091039,61.3,26,25
Naxos,Melanes,wall,16,2023.05.31,F,7.5,72.07,6.99,6.13,14.49,14.28,10.84,6.54,6.29,28.5,24.772,28.92,46.76,1.863809215,2.122095864,64.6,24.8,10
Naxos,Melanes,wall,16,2023.05.31,F,7.5,66.46,5.78,5.3,11.73,14.64,9.37,5.99,5.45,29.3,19.572,29.02,43.26,1.734311454,2.27473028,62.7,25.2,43
Naxos,Melanes,wall,16,2023.05.29,M,4,57.49,6.54,5.74,13.36,12.53,8.36,5.93,6.48,,,,,,,67.1,24.5,37
Naxos,Melanes,wall,16,2023.05.29,M,6.7,66.19,9.07,7.22,16.63,13.54,10.46,6.96,8.55,,,,,,,65.8,24.4,27
Naxos,Melanes,wall,16,2023.05.29,M,6.3,62.08,8.3,6.96,15.3,12.91,10.7,6.49,8.08,,,,,,,70.1,24.5,14
Naxos,Melanes,wall,16,2023.05.29,M,7.5,65.9,8.42,6.28,15.9,12.3,9.91,7.43,6.96,,,,,,,66.4,24.2,0
Naxos,Melanes,wall,16,2023.06.03,M,6.2,61.89,7.32,7.06,15.15,14.2,9.68,6.56,6.71,,,,,,,63.2,24.9,25
Naxos,Melanes,wall,16,2023.06.03,M,7.3,65.55,9.16,8.67,15.91,11,9.49,8.11,8.77,29.5,19,28.675,44.975,1.767387843,2.16232387,65.6,25.3,32
Naxos,Melanes,wall,16,2023.06.03,M,5.9,60,7.65,6.77,14.03,12.85,8.92,6.79,7.55,29.9,19.128,29.3,43.62,1.777274431,2.297174058,64,25.2,10
Naxos,Melanes,wall,16,2023.06.03,M,6.6,60.47,7.83,6.32,14.6,12.92,9.79,6.63,6.68,28.1,23.59666667,29,42.8,1.713885364,2.290519693,66.9,25.8,0
Naxos,Melanes,wall,16,2023.06.03,M,6.6,62.22,8.15,6.11,15.64,13.78,9.99,7.05,7.64,,,,,,,67.3,26,0
Naxos,Melanes,wall,16,2023.06.03,M,8.8,65.89,8.57,7.15,15.83,14.85,10.44,6.18,7.2,29.7,21.4625,29.3,44.3,1.804980681,2.269467809,70.6,25.4,0
Naxos,Melanes,wall,16,2023.06.03,M,6.6,62.18,7.75,6.06,14.58,13.02,9.83,6.7,6.47,,,,,,,69.1,25.5,20
Naxos,Melanes,wall,16,2023.06.05,M,6.5,64.88,8.23,6.39,15.17,12.21,9.89,5.78,7.04,30.6,21.538,29.04,40.48,1.624738915,2.388944175,68.8,25,4
Naxos,Melanes,wall,16,2023.06.05,M,5.5,61.46,7.59,7.5,15.29,12.44,9.58,6.54,7.49,29.2,21,29,40.5,1.621784048,2.382621009,67.2,25.7,29
Naxos,Melanes,wall,16,2023.06.05,M,5.1,58.49,8.14,7.42,15.14,13.45,9.63,6.25,8.24,,,,,,,60.2,24.6,7
Naxos,Melanes,wall,16,2023.06.05,M,7.1,62.66,8.28,7.78,15.5,13.86,10.17,6.82,8.75,30.8,23.55666667,28.76666667,44.45,1.756066154,2.194588861,68.3,24.9,49
Naxos,Melanes,wall,16,2023.06.05,M,5,55.65,6.94,6.01,13.99,10.27,9.05,6.48,6.66,,,,,,,61.9,26.1,13
Naxos,Melanes,wall,16,2023.06.05,M,5.2,59.08,8.4,5.86,14.17,12.32,8.98,5.81,7.33,,,,,,,72.5,25.6,42
Naxos,Melanes,wall,16,2023.05.31,M,7.8,62.74,9.6,8.14,14.44,14.52,10.26,7.07,6.98,28.8,19.11,28.5,45.05,1.752444004,2.137553785,69.5,25.2,0
Naxos,Melanes,wall,16,2023.05.31,M,7.2,65.18,8.82,8,15.06,14.36,10.03,7.92,7.15,29.6,19.562,28.72,43,1.694191761,2.245789078,70.6,25.6,21
Naxos,Melanes,wall,16,2023.05.31,M,7.4,61.5,8.04,7.11,14.71,15.12,10.33,6.56,6.44,29.5,20.956,28.36,45.54,1.757151404,2.101327744,68.2,24.8,0
Naxos,Melanes,wall,16,2023.05.31,M,9,66.62,10.51,8.02,15.95,15.01,10.46,5.55,5.39,27.2,20.072,28.92,46.34,1.847068414,2.138836666,69.3,27.3,27
Naxos,Melanes,wall,16,2023.05.31,M,8.4,67.5,10.72,7.72,14.57,14.4,11.1,5.82,5.67,28.9,25.91666667,28.83333333,46.16666667,1.830945801,2.135001782,68.8,26.4,18
Naxos,Melanes,wall,16,2023.05.31,M,7.9,64.71,9.23,6.39,13.98,13.89,9.89,5.17,5.03,28.3,20.4275,29,43.55,1.743918402,2.260486655,65,26.1,8
Naxos,Melanes,wall,16,2023.05.31,M,7.7,65.91,10.06,8.22,14.1,14.45,10.99,6.13,5.99,29.3,24.3025,28.95,42.9,1.712925708,2.27990811,66.1,25.8,45
Naxos,Melanes,wall,16,2023.05.31,M,7.6,67.55,9.15,8.04,14.05,15.06,9.97,6.09,5.94,29.1,19.49333333,28.43333333,45.76666667,1.773440492,2.101520525,62.8,25.6,12
Naxos,Melanes,wall,16,2023.05.31,M,7.1,61.74,8.52,7.5,13.98,14.22,10.55,6.49,6.37,27.3,21.86666667,29,44.48333333,1.78129285,2.223112208,70.3,26.3,0
Naxos,Melanes,wall,16,2023.05.31,M,7.5,68.05,10.06,8.16,14.22,15.21,9.46,6.36,6.12,30.1,22.6525,29.175,43.15,1.745475746,2.299659238,69.3,25.2,10
Naxos,Melanes,wall,16,2023.05.31,M,7.5,65.1,10.01,7.03,14.26,13.79,9.47,6.24,6.13,28.5,20.25,29.5,44.7,1.842415707,2.279319655,64.7,24.7,52
Naxos,Melanes,wall,16,2023.05.31,M,7.7,67.86,7.97,6.8,13.5,15.49,10.2,6.11,5.84,28.5,20.25,29.5,44.7,1.842415707,2.279319655,71.2,25.3,22
Naxos,Moni,wall,22,2023.05.30,F,3.6,57.3,6.8,4.83,11.89,10.46,7.89,5.23,6.14,,,,,,,57.7,25.5,26
Naxos,Moni,wall,22,2023.05.30,F,4.8,66.24,7.25,5.98,13.66,11.18,9.18,7.23,6.68,,,,,,,56.5,25.3,21
Naxos,Moni,wall,22,2023.05.31,F,6.5,64.39,7.17,7.52,13.69,10.4,9.47,5.24,6.71,,,,,,,57.9,26.6,4
Naxos,Moni,wall,22,2023.05.30,M,6.1,59.41,8.9,5.78,15.77,13.18,9.59,7.84,7.52,,,,,,,60.4,25.1,26
Naxos,Moni,wall,22,2023.05.30,M,5.6,60.45,7.89,6.32,14.88,12.91,9.18,6.29,7.38,,,,,,,62.6,25.4,12
Naxos,Moni,wall,22,2023.05.30,M,6.5,63.64,8.06,6.95,15.22,12.57,10.15,7.03,7.03,,,,,,,64.2,25.9,31
Naxos,Moni,wall,22,2023.05.30,M,6.4,62.48,9.72,6.72,15.29,14.45,10.08,6.07,6.23,,,,,,,63.8,25.7,6
Naxos,Moni,wall,22,2023.05.30,M,5.6,59.39,8.47,6.79,15.04,11.22,9.6,6.63,6.73,,,,,,,63.9,24.8,61
Naxos,Moni,wall,22,2023.05.31,M,NA,63.79,8.17,6.88,15.78,14.02,10.82,7.98,9.03,,,,,,,63.1,23.9,17
Naxos,Moni,wall,22,2023.05.31,M,NA,68.64,10.01,6,17.37,12.7,11.77,7.27,8.54,,,,,,,62.8,24.6,15
Naxos,Moni,wall,22,2023.05.31,M,NA,66.68,8.11,6.82,15.37,12.86,10.79,5.83,7.96,,,,,,,65.6,24.8,10
Naxos,Moni,wall,22,2023.05.31,M,NA,65.73,8.51,7.26,15.59,13.24,10.07,7.26,7.61,,,,,,,64.4,25,0
Naxos,Moni,wall,22,2023.05.31,M,NA,65.53,10.41,7.61,15.94,14.63,10.52,6.31,8.42,,,,,,,60.9,25.1,30
Naxos,Moni,wall,22,2023.05.31,M,NA,69.81,8.68,6.39,16.36,15.44,10.77,6.99,8.72,,,,,,,58.6,24.9,5
Naxos,Moni,wall,22,2023.05.31,M,NA,63.53,8.32,8.32,15.28,12.85,10.47,6.63,7.74,,,,,,,60,25.3,14
Naxos,Moni,wall,22,2023.05.31,M,NA,69.21,9.2,7.7,16.57,17.45,11.42,7.29,7.97,,,,,,,65.2,23.6,0
Naxos,Moni,wall,22,2023.05.31,M,NA,69.1,7.99,7.44,16.2,14.69,10.65,6.21,7.85,,,,,,,60.3,23.8,52
Naxos,Moni,wall,22,2023.05.31,M,NA,67.01,8.4,6.16,15.9,12.81,10.26,6.18,7.42,,,,,,,62.5,24,60
Naxos,Moni,wall,22,2023.05.31,M,NA,66.67,9.24,7.34,15.32,13.09,10.78,5.55,6.99,,,,,,,61.1,23.9,29
Naxos,Moni,wall,22,2023.05.31,M,6.6,63.15,8.26,6.05,15.13,13.78,10.15,7.22,8.1,,,,,,,64.9,24.5,10
Naxos,Moni,wall,22,2023.05.31,M,8.7,71.66,8.94,8.14,17.5,11.41,10.8,6.22,8.66,,,,,,,62.2,24.2,40
Naxos,Moni,wall,22,2023.05.31,M,6.6,60.7,7.56,6.34,15.09,13.99,10.04,6.41,8.04,,,,,,,64.4,23.8,32
Naxos,Moni,wall,22,2023.05.31,M,6.7,63.78,8.63,6.16,14.62,14.43,10.34,6.38,8.68,,,,,,,60.2,24.1,39
Naxos,Moni,wall,22,2023.05.31,M,7.8,67.26,8.43,8.3,15.64,12.46,10.34,7,7.41,,,,,,,66.4,24.5,7
Naxos,Moni,wall,22,2023.05.31,M,7.9,65.13,8.04,7.86,15.13,12.98,10.38,6.97,7.62,,,,,,,60,24.4,44
Naxos,Moni,wall,22,2023.05.31,M,8.7,70.3,8.57,7.44,16.13,15.06,10.95,6.68,8.33,,,,,,,70.2,24,25
Naxos,Moni,wall,22,2023.05.31,M,9.1,72.41,9.57,5.83,16.35,14.81,7.41,7.35,8.26,,,,,,,67.2,24,65
Naxos,Moni,wall,22,2023.05.31,M,8,66.11,9.26,8.57,15.28,12.41,9.67,6.86,8.55,,,,,,,64.3,24.3,11
Naxos,Moni,wall,22,2023.05.31,M,7.4,65.41,8.68,7.01,14.96,14.15,10.61,6.23,6.75,,,,,,,62,24.2,59
Naxos,Moni,wall,22,2023.05.31,M,8.1,66.32,8.99,6.02,15.96,14.5,10.15,6.53,7.49,,,,,,,62.7,24.5,38
Naxos,Moni,wall,22,2023.05.31,M,5.6,60.02,7.76,6.42,14.44,11.47,9.96,6.3,7.55,,,,,,,68.1,24.3,5
Naxos,Moni,wall,22,2023.05.31,M,6.7,62.57,9.52,6.86,15.78,12.32,10.31,6.46,8.26,,,,,,,63.8,24.8,34
Naxos,Moni,wall,22,2023.05.31,M,6.1,61.4,7.3,6.47,14.96,12.87,10.19,6.87,6.29,,,,,,,62.5,24.8,61
Naxos,Moni,wall,22,2023.05.31,M,7.9,69.37,8.7,7.73,16.71,13.47,10.87,7.05,8.49,,,,,,,60,24.7,25
Naxos,Moni,wall,22,2023.05.22,M,8.3,67.62,8,7.28,16.47,15.3,11.38,7.4,7.82,28,20.995,27.725,45.55,1.693685401,2.024614052,59.9,24.9,10
Naxos,Moni,wall,22,2023.05.22,M,9.4,69.62,7.09,8.17,16.69,14.81,11.4,8.19,8.01,27.9,20.32666667,28.3,42.23333333,1.623888348,2.221151151,70.2,24.3,44
Naxos,Moni,wall,22,2023.05.22,M,7.7,66.14,6.22,7.76,15.76,13.3,11.88,7.01,6.97,28.5,22.13,28.2,42,1.605546943,2.217183874,61.7,24.6,25
Naxos,Moni,wall,22,2023.05.22,M,7.9,65.34,7.78,7.49,16.45,14,11.19,6.85,6.77,28.1,26.55142857,28.05714286,43.57142857,1.651817765,2.1392394,65.5,24.1,39
Naxos,Moni,wall,22,2023.05.22,M,8.5,68.45,9.48,8.03,16.99,15.63,10.69,8.24,7.66,27.7,21.1775,28.125,42.775,1.628047934,2.178025552,60.3,24,50
Naxos,Moni,wall,22,2023.05.22,M,7.8,65.5,10.17,8,16.15,13.04,10.8,6.82,7,28.3,20.57,28.26666667,41.2,1.581087363,2.256503324,67.7,24.2,5
Naxos,Moni,wall,22,2023.05.22,M,7.4,63.2,10.46,8.89,16.25,13.29,11.64,6.81,7.25,27.9,20.1125,28.125,41.4,1.575714423,2.230359063,62.2,24.2,72
Naxos,Moni,wall,22,2023.05.22,M,7.3,61.8,6.47,7.61,14.45,14.32,10.42,6.89,7.23,28.8,21.195,28.2,41.55,1.588344655,2.234386163,62.8,24.6,8
Naxos,Moni,wall,22,2023.05.22,M,10.2,71.18,10.16,8.43,17.84,14.52,12.3,7.46,7.52,28.5,16.205,27.9,42.7,1.604017309,2.152463508,69.4,24.1,4
Naxos,Moni,wall,22,2023.05.22,M,7.7,64.1,10.55,8.39,16.19,13.63,10.71,7.29,7.67,27.9,20.402,28.14,43.5,1.657088947,2.152310931,61.4,24.5,24
Naxos,Moni,wall,22,2023.05.22,M,8,68.23,10.04,8.19,16.29,14.46,11.17,7.23,7.18,30.8,20.6275,28.025,42.8,1.619535834,2.164426395,55.6,24.2,9
Naxos,Moni,wall,22,2023.05.31,M,6.2,61.11,7.51,6.98,14.62,11.9,10.11,6.62,6.92,,,,,,,55.9,24.7,40
Naxos,Monitsia,wall,19,2023.05.26,F,6.2,64.1,7.12,5.9,14.15,12.7,9.08,5.6,6.69,,,,,,,54.6,23.8,11
Naxos,Monitsia,wall,19,2023.05.26,F,4.1,57.57,5.98,4.03,10.97,10.41,8.51,6.13,6.35,,,,,,,56.8,23.1,8
Naxos,Monitsia,wall,19,2023.05.26,F,5.2,58.99,6.84,4.24,13.85,11.33,7.86,6.63,5.97,,,,,,,60.2,24.5,5
Naxos,Monitsia,wall,19,2023.05.26,F,7.1,67.04,7.67,6.86,13.8,11.74,8.88,6.32,6.97,,,,,,,59.7,22.6,15
Naxos,Monitsia,wall,19,2023.05.26,F,3.6,61.67,7.05,4.38,13.34,12,8.15,5.29,4.95,,,,,,,59,25.4,23
Naxos,Monitsia,wall,19,2023.05.26,M,4.5,54.18,7.43,5.17,14.51,11.13,10.02,5.98,7.06,29,NA,NA,NA,NA,NA,54.7,25.1,26
Naxos,Monitsia,wall,19,2023.05.26,M,5.3,56.19,8.13,5.04,13.65,11.92,9.64,6.2,5.96,,,,,,,56.3,23.6,0
Naxos,Monitsia,wall,19,2023.05.26,M,3.4,47.79,6.66,5.32,11.94,10.14,7.58,5.88,5.46,,,,,,,55,24.5,23
Naxos,Monitsia,wall,19,2023.05.26,M,3.9,52.99,7.06,3.77,12.82,10.41,7.57,5.15,6.52,,,,,,,62.6,28.3,16
Naxos,Monitsia,wall,19,2023.05.26,M,6.8,60.88,8.29,7.32,15.46,12.29,9.97,7.35,7.36,,,,,,,60.4,25.8,41
Naxos,Monitsia,wall,19,2023.05.26,M,6.8,59.17,8.37,6.9,15.07,11.86,10.85,6.48,7.55,,,,,,,61.2,25.2,5
Naxos,Monitsia,wall,19,2023.05.26,M,7.2,62.8,8.46,6.88,16.61,12.72,10.13,5.8,7.71,,,,,,,58.8,24.6,10
Naxos,Monitsia,wall,19,2023.05.26,M,6.7,64.88,8.65,7.05,15.28,12.13,10.46,6.89,8.08,,,,,,,57.4,27.5,24
Naxos,Monitsia,wall,19,2023.05.26,M,7.4,65.36,9.03,6.75,16.6,12.25,11.48,7.43,8.29,,,,,,,59.9,26.4,17
Naxos,Monitsia,wall,19,2023.05.26,M,6.7,68.03,8.89,6.88,15.95,16.25,10.61,7.77,8.23,,,,,,,60,27.2,42
Naxos,Monitsia,wall,19,2023.05.26,M,6,64.74,9.38,6.62,15.12,13.56,9.97,6.32,7.35,28.2,NA,NA,NA,NA,NA,60.4,26.5,0
Naxos,Monitsia,wall,19,2023.05.26,M,7.2,64.81,9.81,6.44,16.21,13.2,9.61,7.38,8.47,,,,,,,62.9,27.3,28
Naxos,Monitsia,wall,19,2023.05.26,M,7.6,67.99,9.01,6.01,16.66,14.04,11,7.07,7.85,,,,,,,57.1,27,13
Naxos,Monitsia,wall,19,2023.05.26,M,6.2,61.32,7.78,6.52,15.75,14.09,10,7.09,7.9,,,,,,,57.5,25.6,22
Naxos,Monitsia,wall,19,2023.05.26,M,7.1,69.09,8.84,7.64,15.69,14.95,10.33,7.01,7.51,,,,,,,56.7,25.1,36
Naxos,Monitsia,wall,19,2023.05.26,M,5.3,63.11,7.11,5.66,14.89,12.48,10.34,6.31,7.16,,,,,,,61.2,25.7,29
Naxos,Monitsia,wall,19,2023.05.26,M,6.4,63.69,8.15,3.98,15.41,14.18,9.77,6.63,7.63,29.5,NA,NA,NA,NA,NA,59.4,24.9,17
Naxos,Monitsia,wall,19,2023.05.26,M,4.7,57.16,7.67,5.48,13.94,12.78,9.27,5.51,7.76,,,,,,,59.9,25.4,0
Naxos,Monitsia,wall,19,2023.05.26,M,6.3,65.32,8.79,6.67,15.44,13.82,10.5,6.86,7,,,,,,,57.8,25.1,22
Naxos,Monitsia,wall,19,2023.05.26,M,6.8,67.07,7.28,5.77,15.39,13.28,10.01,5.89,7.82,28.4,NA,NA,NA,NA,NA,61.2,25.5,47
Naxos,Monitsia,wall,19,2023.05.26,M,5.9,61.77,8.72,7.13,15.49,13.67,10.87,6.86,7.72,,,,,,,56.9,25,24
Naxos,Monitsia,wall,19,2023.06.01,M,6.5,60.53,10.21,5.55,13.12,14.09,9.01,5.83,5.8,29.8,22.358,29.38,43.62,1.785500153,2.307806021,67.2,23.5,9
Naxos,Monitsia,wall,19,2023.06.01,M,8.8,66.22,10.88,6.92,13.56,14.52,8.77,6.02,5.68,29.3,22.886,29.44,45.3,1.860697195,2.246802131,65.8,23.8,26
Naxos,Monitsia,wall,19,2023.06.01,M,8.5,66.24,9.33,8.31,16.34,14.6,9.24,5.77,5.41,29.6,17.66666667,29.56666667,43.16666667,1.786065557,2.35153805,64.3,24.1,19
Naxos,Monitsia,wall,19,2023.06.01,M,8.5,70.4,8.85,7.69,15.71,15.75,10.3,7.04,6.82,29.4,17.01333333,29.16666667,43.7,1.766872852,2.276314453,62.1,23.9,38
Naxos,Monitsia,wall,19,2023.06.01,M,7.3,63.94,10.52,6.92,14.25,14.29,9.66,5.69,5.55,27.7,21.59666667,28.6,47.4,1.854595328,2.058053043,58.2,24.3,0
Naxos,Monitsia,wall,19,2023.06.01,M,7.3,65.34,9.23,8.67,16.45,15.02,10.22,6.21,6.14,28.2,19.682,29.16,45.3,1.830858277,2.210771473,59.7,24.1,24
Naxos,Monitsia,wall,19,2023.06.01,M,7.3,64.62,9.94,8.1,16.32,14.61,9.89,6.19,6.06,28.4,19.9175,29.35,43.675,1.78465905,2.301566594,64.4,24,15
Naxos,Monitsia,wall,19,2023.06.01,M,7.4,66.91,9.01,6.01,16.66,14.77,10.32,6.35,6.12,28.1,21.148,29.46,42.74,1.757571334,2.354668567,61.1,24,0
Naxos,Monitsia,wall,19,2023.06.01,M,8.5,67.98,9.35,8.92,17.03,15.51,9.12,5.82,5.79,28.8,20.266,29,45.66,1.828411349,2.175993708,58.9,24.5,0
Naxos,Monitsia,wall,19,2023.06.01,M,7.5,63.98,9.69,6.11,15.36,14.93,10.21,6.3,6.22,29,20.472,28.82,47.94,1.899807043,2.063077903,60.5,24.3,14
Naxos,Monitsia,wall,19,2023.06.01,M,9,68.69,8.85,7.72,15.08,14.74,11.04,6.16,6.09,29.1,19.278,29.34,45.42,1.854892774,2.228975068,61.3,26.9,7
Naxos,Monitsia,wall,19,2023.05.26,M,4.3,55.97,7.69,6.98,13.47,10.02,8.13,5.25,5.86,,,,,,,60,25.3,22
Naxos,Monitsia,wall,19,2023.05.26,M,6.1,61.82,9.83,5.71,15.4,12.84,9.24,6.85,7.42,,,,,,,57.9,24.8,0
Naxos,Monitsia,wall,19,2023.05.26,M,5.6,57.85,8.64,4.49,14.63,11.57,9.58,6.64,7.21,,,,,,,56.6,26.2,51
Naxos,Panermos,nonwall,6,2023.06.11,F,6.4,60.08,8.11,5.91,13.66,11.45,9.41,5.8,5.81,27.6,17.35555556,28.14444444,45.33333333,1.727374969,2.083010992,49.2,26.9,49
Naxos,Panermos,nonwall,6,2023.06.11,F,3.2,53.96,6.44,5.23,11.67,8.76,8,6.1,5.49,28.7,18.9325,28.6,45.425,1.777320523,2.135327849,48.9,26.3,24
Naxos,Panermos,nonwall,6,2023.06.11,F,5.4,63.14,7.1,6.07,12.96,12.16,8.38,5.66,6.02,29.1,18.96111111,29.15555556,44.53333333,1.799410158,2.241181514,41.5,25.9,72
Naxos,Panermos,nonwall,6,2023.06.11,F,5.6,64.53,7.05,6.41,13.63,11.82,9.61,6.49,5.91,28.5,17.86,27.7,52.72,1.957426494,1.755446218,46.1,25.8,48
Naxos,Panermos,nonwall,6,2023.06.11,F,6.1,60.42,7.79,5.87,13.23,12.28,8.8,5.86,5.82,28.9,20.092,28.74,47.54,1.875240212,2.06931219,44,26,55
Naxos,Panermos,nonwall,6,2023.06.11,F,4.9,62.39,7.4,6.59,13.35,10.13,9.48,5.66,5.65,29.2,16.69875,28.9,48.5875,1.934410127,2.046881619,39.7,26.2,37
Naxos,Panermos,nonwall,6,2023.06.11,M,7.5,65.4,8.48,7.6,15.86,14.33,11.34,6.87,6.88,28.1,17.92222222,27.88888889,48.91111111,1.836145842,1.917900632,39.9,25.7,9
Naxos,Panermos,nonwall,6,2023.06.11,M,7.1,61.25,8.49,7.51,15.86,13.81,9.83,6.68,6.67,30.3,23.30555556,28.77777778,43.75555556,1.729744709,2.22345549,40.5,27.4,22
Naxos,Panermos,nonwall,6,2023.06.11,M,6.8,64.73,8.56,7.2,16.46,16.01,11.13,6.5,6.48,28.8,18.06222222,28.82222222,46.73333333,1.85222671,2.111168532,40.2,28.6,47
Naxos,Panermos,nonwall,6,2023.06.11,M,7,62.65,8.72,7.62,15.87,14.56,10.8,7.04,6.69,29.1,17.632,29.19,43.96,1.779783405,2.268859463,41.4,25.6,30
Naxos,Panermos,nonwall,6,2023.06.11,M,6,59.29,8.61,6.65,14.67,13.71,11.31,6.42,6.43,,,,,,,41.1,28,55
Naxos,Panermos,nonwall,6,2023.06.11,M,6.5,61.24,9.26,6.86,15.03,12.34,10.74,6.5,7.25,28.9,17.02,28.55,46.975,1.832639782,2.068668961,40.8,26.3,100
Naxos,Panermos,nonwall,6,2023.06.11,M,7.3,62.66,9.24,7.18,15.48,13.15,10.57,6.71,6.66,,,,,,,42.7,28.2,72
Naxos,Panermos,nonwall,6,2023.06.11,M,7.4,60.09,9.61,7.99,15.58,13.17,10.47,6.97,6.99,29,18.374,29.12,45.92,1.85163005,2.180665355,43.2,27.1,10
Naxos,Panermos,nonwall,6,2023.06.11,M,4.8,53.27,7.64,7.09,14.45,12.55,9.44,6.55,6.38,29.3,17.424,29.24,46.3,1.879944354,2.180410622,42.9,27.5,45
Naxos,Zas,nonwall,19,2023.06.03,F,5,57.33,7.85,5.72,13.76,12.55,8.82,5.95,6.47,,,,,,,42.3,24.1,38
Naxos,Zas,nonwall,19,2023.06.03,M,7.1,69.37,9.13,6.8,15.77,15.47,10.58,7.37,9.11,,,,,,,42.2,26.5,30
Naxos,Zas,nonwall,19,2023.06.03,M,8.5,70.75,8.9,7.7,17.04,14.73,11.09,7.42,8.46,,,,,,,45.3,22.4,25
Naxos,Zas,nonwall,19,2023.06.03,M,6.2,65.48,8.31,6.49,15.54,13.96,10.57,7.26,8.12,,,,,,,41.4,27.4,70
Naxos,Zas,nonwall,19,2023.06.03,M,7.6,69.91,8.82,6.83,17.21,15.15,10.96,7.47,8.85,,,,,,,47.4,22.6,56
Naxos,Zas,nonwall,19,2023.06.03,M,7.2,67.42,9.1,7.43,16.54,16.2,10.6,6.36,7.72,,,,,,,42,25.6,21
Naxos,Zas,nonwall,19,2023.06.03,M,8.1,70.37,9.04,7.53,16.78,15.93,11.41,7.58,8.05,,,,,,,41.9,24.9,90
Naxos,Zas,nonwall,19,2023.06.03,M,8,70.15,9.08,6.44,16.46,14.32,10.59,7.11,7.74,,,,,,,46.3,23.8,52
Naxos,Zas,nonwall,19,2023.06.03,M,7.3,67.27,8.78,6.1,15.6,14.49,11.17,7.19,8.87,,,,,,,42.5,26.2,30
Naxos,Zas,nonwall,19,2023.06.03,M,7.9,68.69,9.26,5.16,16.51,14.82,10.38,6.91,8.19,,,,,,,42.4,25.3,94
Naxos,Zas,nonwall,19,2023.06.03,M,9.2,68.24,10.24,7.91,16.54,16.12,11.18,7.09,9.05,,,,,,,44.9,25.5,28
Naxos,Zas,nonwall,19,2023.06.03,M,8,67.74,8.05,5.28,16.23,14.49,10.59,6.95,8.01,,,,,,,48.5,26,58
Naxos,Zas,nonwall,19,2023.06.03,M,7,68.05,8.1,5.38,16.33,14.11,11.04,6.64,8.31,,,,,,,50.2,25.1,41
Naxos,Zas,nonwall,19,2023.06.03,M,5.6,62.26,8.24,6.45,14.44,13.81,9.97,6.52,7.91,,,,,,,41.6,26.4,36
Naxos,Zas,nonwall,19,2023.06.03,M,8.7,68.53,8.21,5.96,16.98,15.84,11.39,7.04,8.62,,,,,,,43.5,25.7,73
Naxos,Zas,nonwall,19,2023.06.03,M,8.2,69.02,8.94,7.46,16.78,15.03,11.24,6.23,7.51,,,,,,,47.9,25.7,82
Naxos,Zas,nonwall,19,2023.06.03,M,5.5,60.12,7.61,6.19,14.05,13.45,9.79,5.94,7.07,,,,,,,42.2,24.7,44
Naxos,Zas,nonwall,19,2023.06.03,M,6.5,65.84,8.37,6.08,15.75,14.59,10.65,7.2,7.57,,,,,,,40.2,25.3,36
Naxos,Zas,nonwall,19,2023.06.03,M,6.2,61.81,8.62,6.38,14.99,13.23,10.27,6.32,6.44,,,,,,,42.7,24.2,55
Naxos,Zas,nonwall,19,2023.06.03,M,8,68.52,8.55,6.69,16.65,14.28,11.42,6.79,7.65,,,,,,,43.5,26.3,50
Naxos,Zas,nonwall,19,2023.06.03,M,7.9,67,9.28,6.66,16.24,15.52,11.34,6.32,8.17,,,,,,,49.8,25,22
Naxos,Zas,nonwall,19,2023.06.03,M,9.2,73.2,10.04,5.47,17.1,15.99,11.35,7.73,8.5,,,,,,,44.7,25.6,34
Naxos,Zas,nonwall,19,2023.06.03,M,7.9,68.78,9.61,5.75,16.42,15.07,11.4,7.7,7.92,,,,,,,40.9,25.2,85
Naxos,Zas,nonwall,19,2023.06.03,M,8.2,69.89,8.13,5.08,16.11,15.28,10.52,6.37,8.64,,,,,,,50.3,27.5,52
Naxos,Zas,nonwall,19,2023.06.03,M,5.9,65.72,9.44,6.27,15.96,14.68,10.36,6.31,7.18,,,,,,,41,26.4,69
Naxos,Zas,nonwall,19,2023.06.03,M,8.9,67.2,10.1,6.9,17.05,14.85,10.81,7.55,8.11,,,,,,,44.1,24.8,47
Naxos,Zas,nonwall,19,2023.06.03,M,4.7,60.56,8.47,6.63,13.76,14.62,9.1,6.17,7.82,,,,,,,47.4,27.2,79